accuracy,precision,recall,f1,roc_auc,model,stage
0.7874911158493249,0.6205787781350482,0.516042780748663,0.5635036496350365,0.8319778848792002,logistic_regression,baseline
0.7775408670931059,0.6070175438596491,0.4625668449197861,0.5250379362670713,0.8098265267560865,random_forest,baseline
0.7889125799573561,0.6296296296296297,0.5,0.5573770491803278,0.8340278820319822,gradient_boosting,baseline
0.7320540156361052,0.49747899159663866,0.7914438502673797,0.6109391124871001,0.8316646908697475,logistic_regression_balanced,balanced
0.7562189054726368,0.5364705882352941,0.6096256684491979,0.5707133917396746,0.8096078086255184,random_forest_balanced,balanced
0.7348969438521677,0.5008635578583766,0.7754010695187166,0.608604407135362,0.8319636487878614,gradient_boosting_balanced,balanced
0.7917555081734187,0.6472727272727272,0.47593582887700536,0.5485362095531587,0.8346736829027132,gradient_boosting_tuned,tuned
