model,train_accuracy,test_accuracy,train_precision,test_precision,train_recall,test_recall,train_f1,test_f1,train_roc_auc,test_roc_auc
Logistic Regression,0.8088888888888889,0.7924662402274343,0.6640625,0.6314102564102564,0.568561872909699,0.5267379679144385,0.6126126126126126,0.5743440233236151,0.8528980378501381,0.8300236577954248
Random Forest,1.0,0.7761194029850746,1.0,0.6072727272727273,1.0,0.446524064171123,1.0,0.514637904468413,1.0,0.8124537327031489
Gradient Boosting,0.8371555555555555,0.7953091684434968,0.7355573637103336,0.6482758620689655,0.6046822742474917,0.5026737967914439,0.6637298091042585,0.5662650602409639,0.8908827649874076,0.8324696771254485
Logistic Regression (balanced),0.7553777777777778,0.7327647476901208,0.5260621988611476,0.49834437086092714,0.8033444816053512,0.8048128342245989,0.6357861302276336,0.6155419222903885,0.8526565549410059,0.8298528246993597
Random Forest (balanced),1.0,0.7825159914712153,1.0,0.639344262295082,1.0,0.41711229946524064,1.0,0.5048543689320388,1.0,0.8151715319587308
Gradient Boosting (balanced),0.7944888888888889,0.7327647476901208,0.5776454420522217,0.49825783972125437,0.8434782608695652,0.7647058823529411,0.6856987493202827,0.6033755274261603,0.8923681035250675,0.8315456253785506
